{
  "open_account" : {
    "transaction" : "open_account",
    "sampleCount" : 144,
    "errorCount" : 0,
    "errorPct" : 0.0,
    "meanResTime" : 754.1111111111112,
    "medianResTime" : 752.5,
    "minResTime" : 722.0,
    "maxResTime" : 798.0,
    "pct1ResTime" : 772.5,
    "pct2ResTime" : 778.0,
    "pct3ResTime" : 793.5000000000001,
    "throughput" : 0.026961813646310062,
    "receivedKBytesPerSec" : 0.16982783009638663,
    "sentKBytesPerSec" : 0.10215999701922172
  },
  "5_Просмотр заказов" : {
    "transaction" : "5_Просмотр заказов",
    "sampleCount" : 617,
    "errorCount" : 0,
    "errorPct" : 0.0,
    "meanResTime" : 4655.860615883311,
    "medianResTime" : 4668.0,
    "minResTime" : 4313.0,
    "maxResTime" : 5750.0,
    "pct1ResTime" : 4847.0,
    "pct2ResTime" : 4928.2,
    "pct3ResTime" : 5053.740000000001,
    "throughput" : 0.11429477530239952,
    "receivedKBytesPerSec" : 17.91533879937599,
    "sentKBytesPerSec" : 1.3799991344532616
  },
  "6_Выбор без покупки" : {
    "transaction" : "6_Выбор без покупки",
    "sampleCount" : 600,
    "errorCount" : 0,
    "errorPct" : 0.0,
    "meanResTime" : 5265.980000000004,
    "medianResTime" : 5215.5,
    "minResTime" : 4897.0,
    "maxResTime" : 6870.0,
    "pct1ResTime" : 5533.0,
    "pct2ResTime" : 5635.549999999999,
    "pct3ResTime" : 5873.81,
    "throughput" : 0.11117437756708587,
    "receivedKBytesPerSec" : 18.34873153712057,
    "sentKBytesPerSec" : 1.232095648771514
  },
  "open_order_list" : {
    "transaction" : "open_order_list",
    "sampleCount" : 617,
    "errorCount" : 0,
    "errorPct" : 0.0,
    "meanResTime" : 304.95299837925467,
    "medianResTime" : 305.0,
    "minResTime" : 292.0,
    "maxResTime" : 316.0,
    "pct1ResTime" : 311.0,
    "pct2ResTime" : 313.0,
    "pct3ResTime" : 315.0,
    "throughput" : 0.11457021129940817,
    "receivedKBytesPerSec" : 0.26830397086750635,
    "sentKBytesPerSec" : 0.11847748113908786
  },
  "open_payment_page" : {
    "transaction" : "open_payment_page",
    "sampleCount" : 1339,
    "errorCount" : 0,
    "errorPct" : 0.0,
    "meanResTime" : 1429.1351755041085,
    "medianResTime" : 1422.0,
    "minResTime" : 1217.0,
    "maxResTime" : 2094.0,
    "pct1ResTime" : 1587.0,
    "pct2ResTime" : 1682.0,
    "pct3ResTime" : 1827.3999999999992,
    "throughput" : 0.24810056688848722,
    "receivedKBytesPerSec" : 3.1593010701074022,
    "sentKBytesPerSec" : 1.5500538608913648
  },
  "2_Покупка с выбором из категории" : {
    "transaction" : "2_Покупка с выбором из категории",
    "sampleCount" : 1200,
    "errorCount" : 0,
    "errorPct" : 0.0,
    "meanResTime" : 9285.857499999993,
    "medianResTime" : 9265.0,
    "minResTime" : 8361.0,
    "maxResTime" : 11421.0,
    "pct1ResTime" : 9924.9,
    "pct2ResTime" : 10330.8,
    "pct3ResTime" : 10852.82,
    "throughput" : 0.22203497272855446,
    "receivedKBytesPerSec" : 42.181316557295936,
    "sentKBytesPerSec" : 5.537514093727715
  },
  "1_Регистрация" : {
    "transaction" : "1_Регистрация",
    "sampleCount" : 143,
    "errorCount" : 0,
    "errorPct" : 0.0,
    "meanResTime" : 4564.81118881119,
    "medianResTime" : 4563.0,
    "minResTime" : 4421.0,
    "maxResTime" : 4716.0,
    "pct1ResTime" : 4636.0,
    "pct2ResTime" : 4675.4,
    "pct3ResTime" : 4714.68,
    "throughput" : 0.026906823551636733,
    "receivedKBytesPerSec" : 4.403627682791412,
    "sentKBytesPerSec" : 0.4109596878394517
  },
  "open_homepage" : {
    "transaction" : "open_homepage",
    "sampleCount" : 2700,
    "errorCount" : 0,
    "errorPct" : 0.0,
    "meanResTime" : 2804.5462962962947,
    "medianResTime" : 2800.0,
    "minResTime" : 2698.0,
    "maxResTime" : 4103.0,
    "pct1ResTime" : 2853.0,
    "pct2ResTime" : 2871.0,
    "pct3ResTime" : 2920.0,
    "throughput" : 0.5001280883604078,
    "receivedKBytesPerSec" : 73.30347996272702,
    "sentKBytesPerSec" : 3.502850243868013
  },
  "login" : {
    "transaction" : "login",
    "sampleCount" : 2557,
    "errorCount" : 0,
    "errorPct" : 0.0,
    "meanResTime" : 504.02385608134637,
    "medianResTime" : 487.0,
    "minResTime" : 359.0,
    "maxResTime" : 1021.0,
    "pct1ResTime" : 646.2000000000003,
    "pct2ResTime" : 746.0999999999999,
    "pct3ResTime" : 842.4200000000001,
    "throughput" : 0.4735664013435433,
    "receivedKBytesPerSec" : 1.0018267370761007,
    "sentKBytesPerSec" : 0.7689326376796617
  },
  "submit_payment" : {
    "transaction" : "submit_payment",
    "sampleCount" : 1339,
    "errorCount" : 0,
    "errorPct" : 0.0,
    "meanResTime" : 791.8319641523535,
    "medianResTime" : 808.0,
    "minResTime" : 678.0,
    "maxResTime" : 1028.0,
    "pct1ResTime" : 864.0,
    "pct2ResTime" : 884.0,
    "pct3ResTime" : 919.0,
    "throughput" : 0.24819484129153999,
    "receivedKBytesPerSec" : 0.5993164273381335,
    "sentKBytesPerSec" : 0.8769673183094205
  },
  "add_to_cart" : {
    "transaction" : "add_to_cart",
    "sampleCount" : 1939,
    "errorCount" : 0,
    "errorPct" : 0.0,
    "meanResTime" : 565.1732851985557,
    "medianResTime" : 527.0,
    "minResTime" : 423.0,
    "maxResTime" : 1042.0,
    "pct1ResTime" : 702.0,
    "pct2ResTime" : 775.0,
    "pct3ResTime" : 893.5999999999999,
    "throughput" : 0.3593085561762898,
    "receivedKBytesPerSec" : 0.2850047854145928,
    "sentKBytesPerSec" : 0.25037823873394416
  },
  "open_register_page" : {
    "transaction" : "open_register_page",
    "sampleCount" : 144,
    "errorCount" : 0,
    "errorPct" : 0.0,
    "meanResTime" : 299.50000000000006,
    "medianResTime" : 298.0,
    "minResTime" : 288.0,
    "maxResTime" : 336.0,
    "pct1ResTime" : 306.5,
    "pct2ResTime" : 315.5,
    "pct3ResTime" : 329.70000000000016,
    "throughput" : 0.026964206700867518,
    "receivedKBytesPerSec" : 0.18241325331486535,
    "sentKBytesPerSec" : 0.038418728102114955
  },
  "3_Быстрая покупка" : {
    "transaction" : "3_Быстрая покупка",
    "sampleCount" : 138,
    "errorCount" : 0,
    "errorPct" : 0.0,
    "meanResTime" : 8516.21739130435,
    "medianResTime" : 8489.0,
    "minResTime" : 7747.0,
    "maxResTime" : 9837.0,
    "pct1ResTime" : 9180.3,
    "pct2ResTime" : 9433.649999999998,
    "pct3ResTime" : 9821.4,
    "throughput" : 0.026028881118366713,
    "receivedKBytesPerSec" : 4.834282060803184,
    "sentKBytesPerSec" : 0.6150133619638452
  },
  "open_item_page" : {
    "transaction" : "open_item_page",
    "sampleCount" : 1939,
    "errorCount" : 0,
    "errorPct" : 0.0,
    "meanResTime" : 1395.8844765342963,
    "medianResTime" : 1389.0,
    "minResTime" : 1310.0,
    "maxResTime" : 1768.0,
    "pct1ResTime" : 1446.0,
    "pct2ResTime" : 1468.0,
    "pct3ResTime" : 1526.1999999999998,
    "throughput" : 0.3592442494055518,
    "receivedKBytesPerSec" : 5.514837876558007,
    "sentKBytesPerSec" : 0.6317642936806918
  },
  "logout" : {
    "transaction" : "logout",
    "sampleCount" : 1956,
    "errorCount" : 0,
    "errorPct" : 0.0,
    "meanResTime" : 257.7239263803679,
    "medianResTime" : 289.0,
    "minResTime" : 182.0,
    "maxResTime" : 376.0,
    "pct1ResTime" : 308.0,
    "pct2ResTime" : 315.0,
    "pct3ResTime" : 331.43000000000006,
    "throughput" : 0.3624678949065478,
    "receivedKBytesPerSec" : 0.4067144641090072,
    "sentKBytesPerSec" : 0.3981713473854501
  },
  "submit_register_data" : {
    "transaction" : "submit_register_data",
    "sampleCount" : 144,
    "errorCount" : 0,
    "errorPct" : 0.0,
    "meanResTime" : 712.9375000000002,
    "medianResTime" : 709.0,
    "minResTime" : 672.0,
    "maxResTime" : 789.0,
    "pct1ResTime" : 743.0,
    "pct2ResTime" : 765.0,
    "pct3ResTime" : 784.5000000000001,
    "throughput" : 0.02696211149282471,
    "receivedKBytesPerSec" : 0.08697427598070935,
    "sentKBytesPerSec" : 0.08238715513774268
  },
  "open_cart" : {
    "transaction" : "open_cart",
    "sampleCount" : 1339,
    "errorCount" : 0,
    "errorPct" : 0.0,
    "meanResTime" : 541.3510082150866,
    "medianResTime" : 499.0,
    "minResTime" : 432.0,