{
  "open_account" : {
    "transaction" : "open_account",
    "sampleCount" : 120,
    "errorCount" : 0,
    "errorPct" : 0.0,
    "meanResTime" : 698.4166666666667,
    "medianResTime" : 694.0,
    "minResTime" : 659.0,
    "maxResTime" : 1134.0,
    "pct1ResTime" : 710.0,
    "pct2ResTime" : 721.95,
    "pct3ResTime" : 1050.2099999999969,
    "throughput" : 0.0338337151844022,
    "receivedKBytesPerSec" : 0.21308136807614167,
    "sentKBytesPerSec" : 0.12819806144089899
  },
  "5_Просмотр заказов" : {
    "transaction" : "5_Просмотр заказов",
    "sampleCount" : 515,
    "errorCount" : 0,
    "errorPct" : 0.0,
    "meanResTime" : 4550.178640776696,
    "medianResTime" : 4506.0,
    "minResTime" : 4216.0,
    "maxResTime" : 7407.0,
    "pct1ResTime" : 4690.0,
    "pct2ResTime" : 4815.4,
    "pct3ResTime" : 5852.079999999988,
    "throughput" : 0.14306580860517226,
    "receivedKBytesPerSec" : 22.39945794205529,
    "sentKBytesPerSec" : 1.7273508985157824
  },
  "6_Выбор без покупки" : {
    "transaction" : "6_Выбор без покупки",
    "sampleCount" : 500,
    "errorCount" : 0,
    "errorPct" : 0.0,
    "meanResTime" : 5154.633999999993,
    "medianResTime" : 5070.0,
    "minResTime" : 4746.0,
    "maxResTime" : 10623.0,
    "pct1ResTime" : 5421.8,
    "pct2ResTime" : 5559.75,
    "pct3ResTime" : 5940.42,
    "throughput" : 0.1389352006224297,
    "receivedKBytesPerSec" : 22.86955135218684,
    "sentKBytesPerSec" : 1.5396489585070023
  },
  "open_order_list" : {
    "transaction" : "open_order_list",
    "sampleCount" : 515,
    "errorCount" : 0,
    "errorPct" : 0.0,
    "meanResTime" : 306.4601941747572,
    "medianResTime" : 306.0,
    "minResTime" : 294.0,
    "maxResTime" : 380.0,
    "pct1ResTime" : 312.0,
    "pct2ResTime" : 314.0,
    "pct3ResTime" : 325.84,
    "throughput" : 0.14322910148351975,
    "receivedKBytesPerSec" : 0.33540938831648237,
    "sentKBytesPerSec" : 0.1480942086112395
  },
  "open_payment_page" : {
    "transaction" : "open_payment_page",
    "sampleCount" : 1115,
    "errorCount" : 0,
    "errorPct" : 0.0,
    "meanResTime" : 1365.909417040356,
    "medianResTime" : 1339.0,
    "minResTime" : 1209.0,
    "maxResTime" : 4099.0,
    "pct1ResTime" : 1484.8,
    "pct2ResTime" : 1558.0,
    "pct3ResTime" : 1736.8799999999994,
    "throughput" : 0.3101884526993211,
    "receivedKBytesPerSec" : 3.95129247347541,
    "sentKBytesPerSec" : 1.9380597671423632
  },
  "2_Покупка с выбором из категории" : {
    "transaction" : "2_Покупка с выбором из категории",
    "sampleCount" : 1000,
    "errorCount" : 0,
    "errorPct" : 0.0,
    "meanResTime" : 8947.203000000012,
    "medianResTime" : 8796.0,
    "minResTime" : 8151.0,
    "maxResTime" : 16397.0,
    "pct1ResTime" : 9506.9,
    "pct2ResTime" : 9822.599999999999,
    "pct3ResTime" : 11405.580000000004,
    "throughput" : 0.2773545039875257,
    "receivedKBytesPerSec" : 52.55177362441527,
    "sentKBytesPerSec" : 6.91734213033637
  },
  "1_Регистрация" : {
    "transaction" : "1_Регистрация",
    "sampleCount" : 120,
    "errorCount" : 0,
    "errorPct" : 0.0,
    "meanResTime" : 4413.499999999998,
    "medianResTime" : 4398.5,
    "minResTime" : 4244.0,
    "maxResTime" : 5092.0,
    "pct1ResTime" : 4510.3,
    "pct2ResTime" : 4550.4,
    "pct3ResTime" : 5047.479999999999,
    "throughput" : 0.03379874201082236,
    "receivedKBytesPerSec" : 5.528679559460859,
    "sentKBytesPerSec" : 0.5162229736809196
  },
  "open_homepage" : {
    "transaction" : "open_homepage",
    "sampleCount" : 2251,
    "errorCount" : 0,
    "errorPct" : 0.0,
    "meanResTime" : 2785.191026210575,
    "medianResTime" : 2775.0,
    "minResTime" : 2647.0,
    "maxResTime" : 3996.0,
    "pct1ResTime" : 2830.8,
    "pct2ResTime" : 2851.4,
    "pct3ResTime" : 3210.840000000001,
    "throughput" : 0.6248644993408526,
    "receivedKBytesPerSec" : 91.5191696738213,
    "sentKBytesPerSec" : 4.376492372336519
  },
  "login" : {
    "transaction" : "login",
    "sampleCount" : 2130,
    "errorCount" : 0,
    "errorPct" : 0.0,
    "meanResTime" : 471.3483568075122,
    "medianResTime" : 432.0,
    "minResTime" : 357.0,
    "maxResTime" : 5047.0,
    "pct1ResTime" : 582.0,
    "pct2ResTime" : 656.4499999999998,
    "pct3ResTime" : 817.1800000000012,
    "throughput" : 0.5917809132596432,
    "receivedKBytesPerSec" : 1.2508024552656694,
    "sentKBytesPerSec" : 0.9608465753284315
  },
  "submit_payment" : {
    "transaction" : "submit_payment",
    "sampleCount" : 1116,
    "errorCount" : 0,
    "errorPct" : 0.0,
    "meanResTime" : 754.9740143369174,
    "medianResTime" : 742.0,
    "minResTime" : 658.0,
    "maxResTime" : 7275.0,
    "pct1ResTime" : 789.0,
    "pct2ResTime" : 810.0,
    "pct3ResTime" : 896.0899999999983,
    "throughput" : 0.3102083566128583,
    "receivedKBytesPerSec" : 0.7491357107183381,
    "sentKBytesPerSec" : 1.0960671379415396
  },
  "add_to_cart" : {
    "transaction" : "add_to_cart",
    "sampleCount" : 1615,
    "errorCount" : 0,
    "errorPct" : 0.0,
    "meanResTime" : 517.4613003095984,
    "medianResTime" : 472.0,
    "minResTime" : 407.0,
    "maxResTime" : 2995.0,
    "pct1ResTime" : 636.2000000000003,
    "pct2ResTime" : 703.0,
    "pct3ResTime" : 901.0399999999995,
    "throughput" : 0.448748976768974,
    "receivedKBytesPerSec" : 0.35698006066238686,
    "sentKBytesPerSec" : 0.31268856704657044
  },
  "open_register_page" : {
    "transaction" : "open_register_page",
    "sampleCount" : 120,
    "errorCount" : 0,
    "errorPct" : 0.0,
    "meanResTime" : 299.5416666666666,
    "medianResTime" : 299.0,
    "minResTime" : 288.0,
    "maxResTime" : 315.0,
    "pct1ResTime" : 306.0,
    "pct2ResTime" : 307.95,
    "pct3ResTime" : 315.0,
    "throughput" : 0.033838304227221956,
    "receivedKBytesPerSec" : 0.22890423181832664,
    "sentKBytesPerSec" : 0.04821297447999691
  },
  "3_Быстрая покупка" : {
    "transaction" : "3_Быстрая покупка",
    "sampleCount" : 116,
    "errorCount" : 0,
    "errorPct" : 0.0,
    "meanResTime" : 8211.310344827585,
    "medianResTime" : 8102.0,
    "minResTime" : 7647.0,
    "maxResTime" : 11452.0,
    "pct1ResTime" : 8914.9,
    "pct2ResTime" : 9075.75,
    "pct3ResTime" : 11094.829999999996,
    "throughput" : 0.03246724167271229,
    "receivedKBytesPerSec" : 6.020254085642006,
    "sentKBytesPerSec" : 0.7670899705751628
  },
  "open_item_page" : {
    "transaction" : "open_item_page",
    "sampleCount" : 1615,
    "errorCount" : 0,
    "errorPct" : 0.0,
    "meanResTime" : 1365.2569659442706,
    "medianResTime" : 1337.0,
    "minResTime" : 1247.0,
    "maxResTime" : 4648.0,
    "pct1ResTime" : 1444.0,
    "pct2ResTime" : 1515.3999999999996,
    "pct3ResTime" : 1748.7199999999993,
    "throughput" : 0.4486608376872881,
    "receivedKBytesPerSec" : 6.7393510028958765,
    "sentKBytesPerSec" : 0.7890137728112088
  },
  "logout" : {
    "transaction" : "logout",
    "sampleCount" : 1631,
    "errorCount" : 0,
    "errorPct" : 0.0,
    "meanResTime" : 227.77314530962593,
    "medianResTime" : 234.0,
    "minResTime" : 180.0,
    "maxResTime" : 1837.0,
    "pct1ResTime" : 257.0,
    "pct2ResTime" : 265.0,
    "pct3ResTime" : 306.3600000000001,
    "throughput" : 0.45336195267523854,
    "receivedKBytesPerSec" : 0.5087039879139151,
    "sentKBytesPerSec" : 0.4980294560010974
  },
  "submit_register_data" : {
    "transaction" : "submit_register_data",
    "sampleCount" : 120,
    "errorCount" : 0,
    "errorPct" : 0.0,
    "meanResTime" : 635.2333333333331,
    "medianResTime" : 626.0,
    "minResTime" : 599.0,
    "maxResTime" : 1338.0,
    "pct1ResTime" : 659.8,
    "pct2ResTime" : 677.9,
    "pct3ResTime" : 1205.489999999995,
    "throughput" : 0.03383467868474453,
    "receivedKBytesPerSec" : 0.10944037185933118,
    "sentKBytesPerSec" : 0.10338741172320864
  },
  "open_cart" : {
    "transaction" : "open_cart",
    "sampleCount" : 1116,
    "errorCount" : 0,
    "errorPct" : 0.0,
    "meanResTime" : 513.0878136200715,
    "medianResTime" : 463.0,