{
  "open_account" : {
    "transaction" : "open_account",
    "sampleCount" : 8,
    "errorCount" : 0,
    "errorPct" : 0.0,
    "meanResTime" : 659.9999999999999,
    "medianResTime" : 658.0,
    "minResTime" : 645.0,
    "maxResTime" : 694.0,
    "pct1ResTime" : 694.0,
    "pct2ResTime" : 694.0,
    "pct3ResTime" : 694.0,
    "throughput" : 0.00761466737229251,
    "receivedKBytesPerSec" : 0.047948608609904395,
    "sentKBytesPerSec" : 0.028852450590327088
  },
  "5_Просмотр заказов" : {
    "transaction" : "5_Просмотр заказов",
    "sampleCount" : 35,
    "errorCount" : 0,
    "errorPct" : 0.0,
    "meanResTime" : 4436.5714285714275,
    "medianResTime" : 4444.0,
    "minResTime" : 4313.0,
    "maxResTime" : 4657.0,
    "pct1ResTime" : 4528.8,
    "pct2ResTime" : 4560.2,
    "pct3ResTime" : 4657.0,
    "throughput" : 0.029303465009151056,
    "receivedKBytesPerSec" : 4.590010871323881,
    "sentKBytesPerSec" : 0.35386713903154565
  },
  "6_Выбор без покупки" : {
    "transaction" : "6_Выбор без покупки",
    "sampleCount" : 33,
    "errorCount" : 0,
    "errorPct" : 0.0,
    "meanResTime" : 5028.969696969698,
    "medianResTime" : 5018.0,
    "minResTime" : 4818.0,
    "maxResTime" : 5367.0,
    "pct1ResTime" : 5203.2,
    "pct2ResTime" : 5365.6,
    "pct3ResTime" : 5367.0,
    "throughput" : 0.028524973614399405,
    "receivedKBytesPerSec" : 4.698463780252679,
    "sentKBytesPerSec" : 0.3159804317060268
  },
  "open_order_list" : {
    "transaction" : "open_order_list",
    "sampleCount" : 35,
    "errorCount" : 0,
    "errorPct" : 0.0,
    "meanResTime" : 307.7714285714286,
    "medianResTime" : 308.0,
    "minResTime" : 300.0,
    "maxResTime" : 317.0,
    "pct1ResTime" : 312.0,
    "pct2ResTime" : 314.59999999999997,
    "pct3ResTime" : 317.0,
    "throughput" : 0.029396794573519704,
    "receivedKBytesPerSec" : 0.06888233282042926,
    "sentKBytesPerSec" : 0.03040812961004732
  },
  "open_payment_page" : {
    "transaction" : "open_payment_page",
    "sampleCount" : 74,
    "errorCount" : 0,
    "errorPct" : 0.0,
    "meanResTime" : 1349.8243243243244,
    "medianResTime" : 1335.0,
    "minResTime" : 1271.0,
    "maxResTime" : 1564.0,
    "pct1ResTime" : 1441.0,
    "pct2ResTime" : 1506.75,
    "pct3ResTime" : 1564.0,
    "throughput" : 0.06343263111696291,
    "receivedKBytesPerSec" : 0.7984361445561087,
    "sentKBytesPerSec" : 0.39659123005300906
  },
  "2_Покупка с выбором из категории" : {
    "transaction" : "2_Покупка с выбором из категории",
    "sampleCount" : 66,
    "errorCount" : 0,
    "errorPct" : 0.0,
    "meanResTime" : 8778.181818181818,
    "medianResTime" : 8703.0,
    "minResTime" : 8358.0,
    "maxResTime" : 9915.0,
    "pct1ResTime" : 9183.0,
    "pct2ResTime" : 9478.25,
    "pct3ResTime" : 9915.0,
    "throughput" : 0.05621652561429331,
    "receivedKBytesPerSec" : 10.640275915871545,
    "sentKBytesPerSec" : 1.402588339798234
  },
  "1_Регистрация" : {
    "transaction" : "1_Регистрация",
    "sampleCount" : 8,
    "errorCount" : 0,
    "errorPct" : 0.0,
    "meanResTime" : 4346.25,
    "medianResTime" : 4324.0,
    "minResTime" : 4287.0,
    "maxResTime" : 4459.0,
    "pct1ResTime" : 4459.0,
    "pct2ResTime" : 4459.0,
    "pct3ResTime" : 4459.0,
    "throughput" : 0.0075876851869415935,
    "receivedKBytesPerSec" : 1.2409922172875922,
    "sentKBytesPerSec" : 0.11589003547242825
  },
  "open_homepage" : {
    "transaction" : "open_homepage",
    "sampleCount" : 150,
    "errorCount" : 0,
    "errorPct" : 0.0,
    "meanResTime" : 2791.2466666666664,
    "medianResTime" : 2781.0,
    "minResTime" : 2686.0,
    "maxResTime" : 4086.0,
    "pct1ResTime" : 2840.8,
    "pct2ResTime" : 2854.9,
    "pct3ResTime" : 3467.370000000011,
    "throughput" : 0.12502354610118238,
    "receivedKBytesPerSec" : 18.311515888877825,
    "sentKBytesPerSec" : 0.8756531959352345
  },
  "login" : {
    "transaction" : "login",
    "sampleCount" : 142,
    "errorCount" : 0,
    "errorPct" : 0.0,
    "meanResTime" : 432.12676056338023,
    "medianResTime" : 411.0,
    "minResTime" : 372.0,
    "maxResTime" : 675.0,
    "pct1ResTime" : 515.0,
    "pct2ResTime" : 546.0,
    "pct3ResTime" : 661.2399999999998,
    "throughput" : 0.11923584934970279,
    "receivedKBytesPerSec" : 0.25012320469226657,
    "sentKBytesPerSec" : 0.19361147360605316
  },
  "submit_payment" : {
    "transaction" : "submit_payment",
    "sampleCount" : 74,
    "errorCount" : 0,
    "errorPct" : 0.0,
    "meanResTime" : 749.3243243243246,
    "medianResTime" : 749.0,
    "minResTime" : 699.0,
    "maxResTime" : 831.0,
    "pct1ResTime" : 778.5,
    "pct2ResTime" : 801.25,
    "pct3ResTime" : 831.0,
    "throughput" : 0.06346500033876588,
    "receivedKBytesPerSec" : 0.1533977601357465,
    "sentKBytesPerSec" : 0.22442820795207877
  },
  "add_to_cart" : {
    "transaction" : "add_to_cart",
    "sampleCount" : 108,
    "errorCount" : 0,
    "errorPct" : 0.0,
    "meanResTime" : 491.8425925925926,
    "medianResTime" : 472.5,
    "minResTime" : 427.0,
    "maxResTime" : 740.0,
    "pct1ResTime" : 582.8000000000001,
    "pct2ResTime" : 596.2,
    "pct3ResTime" : 738.1099999999999,
    "throughput" : 0.09046135289978893,
    "receivedKBytesPerSec" : 0.07137229950874459,
    "sentKBytesPerSec" : 0.06302814929054845
  },
  "open_register_page" : {
    "transaction" : "open_register_page",
    "sampleCount" : 8,
    "errorCount" : 0,
    "errorPct" : 0.0,
    "meanResTime" : 306.625,
    "medianResTime" : 302.5,
    "minResTime" : 300.0,
    "maxResTime" : 325.0,
    "pct1ResTime" : 325.0,
    "pct2ResTime" : 325.0,
    "pct3ResTime" : 325.0,
    "throughput" : 0.007616972900714662,
    "receivedKBytesPerSec" : 0.05152800344382387,
    "sentKBytesPerSec" : 0.010852698693498723
  },
  "3_Быстрая покупка" : {
    "transaction" : "3_Быстрая покупка",
    "sampleCount" : 8,
    "errorCount" : 0,
    "errorPct" : 0.0,
    "meanResTime" : 8122.125000000001,
    "medianResTime" : 8028.5,
    "minResTime" : 7800.0,
    "maxResTime" : 8460.0,
    "pct1ResTime" : 8460.0,
    "pct2ResTime" : 8460.0,
    "pct3ResTime" : 8460.0,
    "throughput" : 0.007319070295095766,
    "receivedKBytesPerSec" : 1.3538591442062695,
    "sentKBytesPerSec" : 0.1730211421066114
  },
  "open_item_page" : {
    "transaction" : "open_item_page",
    "sampleCount" : 107,
    "errorCount" : 0,
    "errorPct" : 0.0,
    "meanResTime" : 1322.5327102803735,
    "medianResTime" : 1321.0,
    "minResTime" : 1246.0,
    "maxResTime" : 1406.0,
    "pct1ResTime" : 1367.2,
    "pct2ResTime" : 1383.0,
    "pct3ResTime" : 1405.1200000000001,
    "throughput" : 0.09030191220628671,
    "receivedKBytesPerSec" : 1.3581854951604082,
    "sentKBytesPerSec" : 0.15880141143154694
  },
  "logout" : {
    "transaction" : "logout",
    "sampleCount" : 108,
    "errorCount" : 0,
    "errorPct" : 0.0,
    "meanResTime" : 198.06481481481484,
    "medianResTime" : 196.0,
    "minResTime" : 184.0,
    "maxResTime" : 225.0,
    "pct1ResTime" : 211.10000000000002,
    "pct2ResTime" : 214.1,
    "pct3ResTime" : 224.36999999999998,
    "throughput" : 0.09267164633753931,
    "receivedKBytesPerSec" : 0.10398410316585222,
    "sentKBytesPerSec" : 0.10185903720165951
  },
  "submit_register_data" : {
    "transaction" : "submit_register_data",
    "sampleCount" : 8,
    "errorCount" : 0,
    "errorPct" : 0.0,
    "meanResTime" : 593.0,
    "medianResTime" : 582.5,
    "minResTime" : 563.0,
    "maxResTime" : 633.0,
    "pct1ResTime" : 633.0,
    "pct2ResTime" : 633.0,
    "pct3ResTime" : 633.0,
    "throughput" : 0.007614747099971159,
    "receivedKBytesPerSec" : 0.02445512468910415,
    "sentKBytesPerSec" : 0.023268109058407965
  },
  "open_cart" : {
    "transaction" : "open_cart",
    "sampleCount" : 75,
    "errorCount" : 0,
    "errorPct" : 0.0,
    "meanResTime" : 484.90666666666664,
    "medianResTime" : 465.0,
    "minResTime" : 436.0,
    "maxResTime" : 711.0,
    "pct1ResTime" : 574.0,
    "pct2ResTime" : 592.0,