{
  "open_account" : {
    "transaction" : "open_account",
    "sampleCount" : 40,
    "errorCount" : 0,
    "errorPct" : 0.0,
    "meanResTime" : 652.8500000000001,
    "medianResTime" : 654.0,
    "minResTime" : 633.0,
    "maxResTime" : 673.0,
    "pct1ResTime" : 664.9,
    "pct2ResTime" : 667.85,
    "pct3ResTime" : 673.0,
    "throughput" : 0.0341684092555387,
    "receivedKBytesPerSec" : 0.21518756961813384,
    "sentKBytesPerSec" : 0.1294662381948146
  },
  "5_Просмотр заказов" : {
    "transaction" : "5_Просмотр заказов",
    "sampleCount" : 171,
    "errorCount" : 0,
    "errorPct" : 0.0,
    "meanResTime" : 4451.754385964913,
    "medianResTime" : 4440.0,
    "minResTime" : 4270.0,
    "maxResTime" : 4705.0,
    "pct1ResTime" : 4587.0,
    "pct2ResTime" : 4620.0,
    "pct3ResTime" : 4704.28,
    "throughput" : 0.1431769885274205,
    "receivedKBytesPerSec" : 22.400858504608458,
    "sentKBytesPerSec" : 1.728616999514789
  },
  "6_Выбор без покупки" : {
    "transaction" : "6_Выбор без покупки",
    "sampleCount" : 166,
    "errorCount" : 0,
    "errorPct" : 0.0,
    "meanResTime" : 5092.0,
    "medianResTime" : 5064.0,
    "minResTime" : 4774.0,
    "maxResTime" : 5720.0,
    "pct1ResTime" : 5367.6,
    "pct2ResTime" : 5440.95,
    "pct3ResTime" : 5661.710000000001,
    "throughput" : 0.13983645873434528,
    "receivedKBytesPerSec" : 23.03068238822981,
    "sentKBytesPerSec" : 1.5497789494112126
  },
  "open_order_list" : {
    "transaction" : "open_order_list",
    "sampleCount" : 172,
    "errorCount" : 0,
    "errorPct" : 0.0,
    "meanResTime" : 306.16279069767427,
    "medianResTime" : 306.0,
    "minResTime" : 294.0,
    "maxResTime" : 325.0,
    "pct1ResTime" : 312.0,
    "pct2ResTime" : 315.0,
    "pct3ResTime" : 318.43000000000006,
    "throughput" : 0.14417447122755342,
    "receivedKBytesPerSec" : 0.3377140954225444,
    "sentKBytesPerSec" : 0.14904337199779716
  },
  "open_payment_page" : {
    "transaction" : "open_payment_page",
    "sampleCount" : 371,
    "errorCount" : 0,
    "errorPct" : 0.0,
    "meanResTime" : 1330.8409703504033,
    "medianResTime" : 1300.0,
    "minResTime" : 1201.0,
    "maxResTime" : 1624.0,
    "pct1ResTime" : 1440.6,
    "pct2ResTime" : 1499.4,
    "pct3ResTime" : 1604.84,
    "throughput" : 0.31016384342327247,
    "receivedKBytesPerSec" : 3.9520719595269624,
    "sentKBytesPerSec" : 1.937701879511379
  },
  "2_Покупка с выбором из категории" : {
    "transaction" : "2_Покупка с выбором из категории",
    "sampleCount" : 332,
    "errorCount" : 1,
    "errorPct" : 0.30120483,
    "meanResTime" : 8783.259036144591,
    "medianResTime" : 8664.0,
    "minResTime" : 8151.0,
    "maxResTime" : 10277.0,
    "pct1ResTime" : 9242.1,
    "pct2ResTime" : 9511.1,
    "pct3ResTime" : 9896.42,
    "throughput" : 0.275368305108082,
    "receivedKBytesPerSec" : 52.20300427365182,
    "sentKBytesPerSec" : 6.866657725750172
  },
  "1_Регистрация" : {
    "transaction" : "1_Регистрация",
    "sampleCount" : 38,
    "errorCount" : 0,
    "errorPct" : 0.0,
    "meanResTime" : 4295.421052631582,
    "medianResTime" : 4301.5,
    "minResTime" : 4161.0,
    "maxResTime" : 4388.0,
    "pct1ResTime" : 4374.3,
    "pct2ResTime" : 4388.0,
    "pct3ResTime" : 4388.0,
    "throughput" : 0.03504565157244305,
    "receivedKBytesPerSec" : 5.73237053859633,
    "sentKBytesPerSec" : 0.5352675689384857
  },
  "open_homepage" : {
    "transaction" : "open_homepage",
    "sampleCount" : 750,
    "errorCount" : 0,
    "errorPct" : 0.0,
    "meanResTime" : 2768.5266666666676,
    "medianResTime" : 2768.0,
    "minResTime" : 2648.0,
    "maxResTime" : 2905.0,
    "pct1ResTime" : 2818.0,
    "pct2ResTime" : 2834.45,
    "pct3ResTime" : 2863.49,
    "throughput" : 0.6250989740042174,
    "receivedKBytesPerSec" : 91.55365126822164,
    "sentKBytesPerSec" : 4.378134610896725
  },
  "login" : {
    "transaction" : "login",
    "sampleCount" : 713,
    "errorCount" : 0,
    "errorPct" : 0.0,
    "meanResTime" : 435.475455820477,
    "medianResTime" : 393.0,
    "minResTime" : 358.0,
    "maxResTime" : 986.0,
    "pct1ResTime" : 541.0,
    "pct2ResTime" : 615.3,
    "pct3ResTime" : 746.0,
    "throughput" : 0.5950925314635354,
    "receivedKBytesPerSec" : 1.2581937050707226,
    "sentKBytesPerSec" : 0.9661450878157933
  },
  "submit_payment" : {
    "transaction" : "submit_payment",
    "sampleCount" : 371,
    "errorCount" : 1,
    "errorPct" : 0.26954177,
    "meanResTime" : 713.5309973045817,
    "medianResTime" : 711.0,
    "minResTime" : 671.0,
    "maxResTime" : 1001.0,
    "pct1ResTime" : 740.8,
    "pct2ResTime" : 751.0,
    "pct3ResTime" : 783.0,
    "throughput" : 0.3103563660699348,
    "receivedKBytesPerSec" : 0.7492817519240421,
    "sentKBytesPerSec" : 1.0964246408106073
  },
  "add_to_cart" : {
    "transaction" : "add_to_cart",
    "sampleCount" : 538,
    "errorCount" : 0,
    "errorPct" : 0.0,
    "meanResTime" : 504.1524163568775,
    "medianResTime" : 471.0,
    "minResTime" : 406.0,
    "maxResTime" : 858.0,
    "pct1ResTime" : 612.7000000000002,
    "pct2ResTime" : 682.05,
    "pct3ResTime" : 771.6600000000001,
    "throughput" : 0.44931433630092366,
    "receivedKBytesPerSec" : 0.3572407503779084,
    "sentKBytesPerSec" : 0.31307449650486896
  },
  "open_register_page" : {
    "transaction" : "open_register_page",
    "sampleCount" : 40,
    "errorCount" : 0,
    "errorPct" : 0.0,
    "meanResTime" : 300.0,
    "medianResTime" : 299.0,
    "minResTime" : 290.0,
    "maxResTime" : 319.0,
    "pct1ResTime" : 305.9,
    "pct2ResTime" : 318.79999999999995,
    "pct3ResTime" : 319.0,
    "throughput" : 0.03417894901440729,
    "receivedKBytesPerSec" : 0.23119188510575395,
    "sentKBytesPerSec" : 0.048698326769551006
  },
  "3_Быстрая покупка" : {
    "transaction" : "3_Быстрая покупка",
    "sampleCount" : 37,
    "errorCount" : 0,
    "errorPct" : 0.0,
    "meanResTime" : 7952.2972972972975,
    "medianResTime" : 7822.0,
    "minResTime" : 7563.0,
    "maxResTime" : 8700.0,
    "pct1ResTime" : 8456.0,
    "pct2ResTime" : 8639.7,
    "pct3ResTime" : 8700.0,
    "throughput" : 0.033701806416823944,
    "receivedKBytesPerSec" : 6.251186074447745,
    "sentKBytesPerSec" : 0.797109809650831
  },
  "open_item_page" : {
    "transaction" : "open_item_page",
    "sampleCount" : 537,
    "errorCount" : 0,
    "errorPct" : 0.0,
    "meanResTime" : 1377.2346368715089,
    "medianResTime" : 1359.0,
    "minResTime" : 1260.0,
    "maxResTime" : 1912.0,
    "pct1ResTime" : 1487.2,
    "pct2ResTime" : 1534.0,
    "pct3ResTime" : 1664.7000000000003,
    "throughput" : 0.44879064710262595,
    "receivedKBytesPerSec" : 6.766984319332096,
    "sentKBytesPerSec" : 0.7892342243192715
  },
  "logout" : {
    "transaction" : "logout",
    "sampleCount" : 544,
    "errorCount" : 0,
    "errorPct" : 0.0,
    "meanResTime" : 202.07720588235313,
    "medianResTime" : 202.0,
    "minResTime" : 180.0,
    "maxResTime" : 349.0,
    "pct1ResTime" : 216.0,
    "pct2ResTime" : 220.0,
    "pct3ResTime" : 231.54999999999995,
    "throughput" : 0.453871549345599,
    "receivedKBytesPerSec" : 0.5092757912090754,
    "sentKBytesPerSec" : 0.4985045547762055
  },
  "submit_register_data" : {
    "transaction" : "submit_register_data",
    "sampleCount" : 40,
    "errorCount" : 0,
    "errorPct" : 0.0,
    "meanResTime" : 582.05,
    "medianResTime" : 578.5,
    "minResTime" : 546.0,
    "maxResTime" : 645.0,
    "pct1ResTime" : 609.6,
    "pct2ResTime" : 621.65,
    "pct3ResTime" : 645.0,
    "throughput" : 0.03417109467101778,
    "receivedKBytesPerSec" : 0.11018175818824857,
    "sentKBytesPerSec" : 0.10441538596251432
  },
  "open_cart" : {
    "transaction" : "open_cart",
    "sampleCount" : 370,
    "errorCount" : 0,
    "errorPct" : 0.0,
    "meanResTime" : 500.3351351351354,
    "medianResTime" : 460.0,
    "minResTime" : 418.0,
    "maxResTime" : 801.0,
    "pct1ResTime" : 594.9000000000001,
    "pct2ResTime" : 675.8,
    "pct3ResTime" : 773.29,